epoch	dropout	ppl
1	0.5	524.2901586845911
2	0.5	210.66385475457525
3	0.5	168.95488139483598
4	0.5	145.7981073572955
5	0.5	130.14773459014324
6	0.5	120.54132273690549
7	0.5	112.65206351498877
8	0.5	106.07439139875022
9	0.5	100.71005497387954
10	0.5	96.19121778482965
